[{"name":"aad_oauth","qualifiedName":"aad_oauth","href":"aad_oauth/aad_oauth-library.html","type":"library","overriddenDepth":0},{"name":"AadOAuth","qualifiedName":"aad_oauth.AadOAuth","href":"aad_oauth/AadOAuth-class.html","type":"class","overriddenDepth":0,"enclosedBy":{"name":"aad_oauth","type":"library"}},{"name":"AadOAuth","qualifiedName":"aad_oauth.AadOAuth","href":"aad_oauth/AadOAuth/AadOAuth.html","type":"constructor","overriddenDepth":0,"enclosedBy":{"name":"AadOAuth","type":"class"}},{"name":"operator ==","qualifiedName":"aad_oauth.AadOAuth.==","href":"aad_oauth/AadOAuth/operator_equals.html","type":"method","overriddenDepth":0,"enclosedBy":{"name":"AadOAuth","type":"class"}},{"name":"getAccessToken","qualifiedName":"aad_oauth.AadOAuth.getAccessToken","href":"aad_oauth/AadOAuth/getAccessToken.html","type":"method","overriddenDepth":0,"enclosedBy":{"name":"AadOAuth","type":"class"}},{"name":"hashCode","qualifiedName":"aad_oauth.AadOAuth.hashCode","href":"aad_oauth/AadOAuth/hashCode.html","type":"property","overriddenDepth":0,"enclosedBy":{"name":"AadOAuth","type":"class"}},{"name":"login","qualifiedName":"aad_oauth.AadOAuth.login","href":"aad_oauth/AadOAuth/login.html","type":"method","overriddenDepth":0,"enclosedBy":{"name":"AadOAuth","type":"class"}},{"name":"logout","qualifiedName":"aad_oauth.AadOAuth.logout","href":"aad_oauth/AadOAuth/logout.html","type":"method","overriddenDepth":0,"enclosedBy":{"name":"AadOAuth","type":"class"}},{"name":"noSuchMethod","qualifiedName":"aad_oauth.AadOAuth.noSuchMethod","href":"aad_oauth/AadOAuth/noSuchMethod.html","type":"method","overriddenDepth":0,"enclosedBy":{"name":"AadOAuth","type":"class"}},{"name":"runtimeType","qualifiedName":"aad_oauth.AadOAuth.runtimeType","href":"aad_oauth/AadOAuth/runtimeType.html","type":"property","overriddenDepth":0,"enclosedBy":{"name":"AadOAuth","type":"class"}},{"name":"setWebViewScreenSize","qualifiedName":"aad_oauth.AadOAuth.setWebViewScreenSize","href":"aad_oauth/AadOAuth/setWebViewScreenSize.html","type":"method","overriddenDepth":0,"enclosedBy":{"name":"AadOAuth","type":"class"}},{"name":"toString","qualifiedName":"aad_oauth.AadOAuth.toString","href":"aad_oauth/AadOAuth/toString.html","type":"method","overriddenDepth":0,"enclosedBy":{"name":"AadOAuth","type":"class"}},{"name":"tokenIsValid","qualifiedName":"aad_oauth.AadOAuth.tokenIsValid","href":"aad_oauth/AadOAuth/tokenIsValid.html","type":"method","overriddenDepth":0,"enclosedBy":{"name":"AadOAuth","type":"class"}},{"name":"auth_storage","qualifiedName":"auth_storage","href":"helper_auth_storage/helper_auth_storage-library.html","type":"library","overriddenDepth":0},{"name":"AuthStorage","qualifiedName":"auth_storage.AuthStorage","href":"helper_auth_storage/AuthStorage-class.html","type":"class","overriddenDepth":0,"enclosedBy":{"name":"auth_storage","type":"library"}},{"name":"AuthStorage","qualifiedName":"auth_storage.AuthStorage","href":"helper_auth_storage/AuthStorage/AuthStorage.html","type":"constructor","overriddenDepth":0,"enclosedBy":{"name":"AuthStorage","type":"class"}},{"name":"operator ==","qualifiedName":"auth_storage.AuthStorage.==","href":"helper_auth_storage/AuthStorage/operator_equals.html","type":"method","overriddenDepth":0,"enclosedBy":{"name":"AuthStorage","type":"class"}},{"name":"clear","qualifiedName":"auth_storage.AuthStorage.clear","href":"helper_auth_storage/AuthStorage/clear.html","type":"method","overriddenDepth":0,"enclosedBy":{"name":"AuthStorage","type":"class"}},{"name":"hashCode","qualifiedName":"auth_storage.AuthStorage.hashCode","href":"helper_auth_storage/AuthStorage/hashCode.html","type":"property","overriddenDepth":0,"enclosedBy":{"name":"AuthStorage","type":"class"}},{"name":"loadTokenToCache","qualifiedName":"auth_storage.AuthStorage.loadTokenToCache","href":"helper_auth_storage/AuthStorage/loadTokenToCache.html","type":"method","overriddenDepth":0,"enclosedBy":{"name":"AuthStorage","type":"class"}},{"name":"noSuchMethod","qualifiedName":"auth_storage.AuthStorage.noSuchMethod","href":"helper_auth_storage/AuthStorage/noSuchMethod.html","type":"method","overriddenDepth":0,"enclosedBy":{"name":"AuthStorage","type":"class"}},{"name":"runtimeType","qualifiedName":"auth_storage.AuthStorage.runtimeType","href":"helper_auth_storage/AuthStorage/runtimeType.html","type":"property","overriddenDepth":0,"enclosedBy":{"name":"AuthStorage","type":"class"}},{"name":"saveTokenToCache","qualifiedName":"auth_storage.AuthStorage.saveTokenToCache","href":"helper_auth_storage/AuthStorage/saveTokenToCache.html","type":"method","overriddenDepth":0,"enclosedBy":{"name":"AuthStorage","type":"class"}},{"name":"shared","qualifiedName":"auth_storage.AuthStorage.shared","href":"helper_auth_storage/AuthStorage/shared.html","type":"property","overriddenDepth":0,"enclosedBy":{"name":"AuthStorage","type":"class"}},{"name":"toString","qualifiedName":"auth_storage.AuthStorage.toString","href":"helper_auth_storage/AuthStorage/toString.html","type":"method","overriddenDepth":0,"enclosedBy":{"name":"AuthStorage","type":"class"}},{"name":"authorization_request","qualifiedName":"authorization_request","href":"request_authorization_request/request_authorization_request-library.html","type":"library","overriddenDepth":0},{"name":"AuthorizationRequest","qualifiedName":"authorization_request.AuthorizationRequest","href":"request_authorization_request/AuthorizationRequest-class.html","type":"class","overriddenDepth":0,"enclosedBy":{"name":"authorization_request","type":"library"}},{"name":"AuthorizationRequest","qualifiedName":"authorization_request.AuthorizationRequest","href":"request_authorization_request/AuthorizationRequest/AuthorizationRequest.html","type":"constructor","overriddenDepth":0,"enclosedBy":{"name":"AuthorizationRequest","type":"class"}},{"name":"operator ==","qualifiedName":"authorization_request.AuthorizationRequest.==","href":"request_authorization_request/AuthorizationRequest/operator_equals.html","type":"method","overriddenDepth":0,"enclosedBy":{"name":"AuthorizationRequest","type":"class"}},{"name":"clearCookies","qualifiedName":"authorization_request.AuthorizationRequest.clearCookies","href":"request_authorization_request/AuthorizationRequest/clearCookies.html","type":"property","overriddenDepth":0,"enclosedBy":{"name":"AuthorizationRequest","type":"class"}},{"name":"fullScreen","qualifiedName":"authorization_request.AuthorizationRequest.fullScreen","href":"request_authorization_request/AuthorizationRequest/fullScreen.html","type":"property","overriddenDepth":0,"enclosedBy":{"name":"AuthorizationRequest","type":"class"}},{"name":"hashCode","qualifiedName":"authorization_request.AuthorizationRequest.hashCode","href":"request_authorization_request/AuthorizationRequest/hashCode.html","type":"property","overriddenDepth":0,"enclosedBy":{"name":"AuthorizationRequest","type":"class"}},{"name":"headers","qualifiedName":"authorization_request.AuthorizationRequest.headers","href":"request_authorization_request/AuthorizationRequest/headers.html","type":"property","overriddenDepth":0,"enclosedBy":{"name":"AuthorizationRequest","type":"class"}},{"name":"noSuchMethod","qualifiedName":"authorization_request.AuthorizationRequest.noSuchMethod","href":"request_authorization_request/AuthorizationRequest/noSuchMethod.html","type":"method","overriddenDepth":0,"enclosedBy":{"name":"AuthorizationRequest","type":"class"}},{"name":"parameters","qualifiedName":"authorization_request.AuthorizationRequest.parameters","href":"request_authorization_request/AuthorizationRequest/parameters.html","type":"property","overriddenDepth":0,"enclosedBy":{"name":"AuthorizationRequest","type":"class"}},{"name":"redirectUrl","qualifiedName":"authorization_request.AuthorizationRequest.redirectUrl","href":"request_authorization_request/AuthorizationRequest/redirectUrl.html","type":"property","overriddenDepth":0,"enclosedBy":{"name":"AuthorizationRequest","type":"class"}},{"name":"runtimeType","qualifiedName":"authorization_request.AuthorizationRequest.runtimeType","href":"request_authorization_request/AuthorizationRequest/runtimeType.html","type":"property","overriddenDepth":0,"enclosedBy":{"name":"AuthorizationRequest","type":"class"}},{"name":"toString","qualifiedName":"authorization_request.AuthorizationRequest.toString","href":"request_authorization_request/AuthorizationRequest/toString.html","type":"method","overriddenDepth":0,"enclosedBy":{"name":"AuthorizationRequest","type":"class"}},{"name":"url","qualifiedName":"authorization_request.AuthorizationRequest.url","href":"request_authorization_request/AuthorizationRequest/url.html","type":"property","overriddenDepth":0,"enclosedBy":{"name":"AuthorizationRequest","type":"class"}},{"name":"config","qualifiedName":"config","href":"model_config/model_config-library.html","type":"library","overriddenDepth":0},{"name":"Config","qualifiedName":"config.Config","href":"model_config/Config-class.html","type":"class","overriddenDepth":0,"enclosedBy":{"name":"config","type":"library"}},{"name":"Config","qualifiedName":"config.Config","href":"model_config/Config/Config.html","type":"constructor","overriddenDepth":0,"enclosedBy":{"name":"Config","type":"class"}},{"name":"operator ==","qualifiedName":"config.Config.==","href":"model_config/Config/operator_equals.html","type":"method","overriddenDepth":0,"enclosedBy":{"name":"Config","type":"class"}},{"name":"authorizationUrl","qualifiedName":"config.Config.authorizationUrl","href":"model_config/Config/authorizationUrl.html","type":"property","overriddenDepth":0,"enclosedBy":{"name":"Config","type":"class"}},{"name":"azureTennantId","qualifiedName":"config.Config.azureTennantId","href":"model_config/Config/azureTennantId.html","type":"property","overriddenDepth":0,"enclosedBy":{"name":"Config","type":"class"}},{"name":"clientId","qualifiedName":"config.Config.clientId","href":"model_config/Config/clientId.html","type":"property","overriddenDepth":0,"enclosedBy":{"name":"Config","type":"class"}},{"name":"clientSecret","qualifiedName":"config.Config.clientSecret","href":"model_config/Config/clientSecret.html","type":"property","overriddenDepth":0,"enclosedBy":{"name":"Config","type":"class"}},{"name":"contentType","qualifiedName":"config.Config.contentType","href":"model_config/Config/contentType.html","type":"property","overriddenDepth":0,"enclosedBy":{"name":"Config","type":"class"}},{"name":"hashCode","qualifiedName":"config.Config.hashCode","href":"model_config/Config/hashCode.html","type":"property","overriddenDepth":0,"enclosedBy":{"name":"Config","type":"class"}},{"name":"noSuchMethod","qualifiedName":"config.Config.noSuchMethod","href":"model_config/Config/noSuchMethod.html","type":"method","overriddenDepth":0,"enclosedBy":{"name":"Config","type":"class"}},{"name":"redirectUri","qualifiedName":"config.Config.redirectUri","href":"model_config/Config/redirectUri.html","type":"property","overriddenDepth":0,"enclosedBy":{"name":"Config","type":"class"}},{"name":"responseType","qualifiedName":"config.Config.responseType","href":"model_config/Config/responseType.html","type":"property","overriddenDepth":0,"enclosedBy":{"name":"Config","type":"class"}},{"name":"runtimeType","qualifiedName":"config.Config.runtimeType","href":"model_config/Config/runtimeType.html","type":"property","overriddenDepth":0,"enclosedBy":{"name":"Config","type":"class"}},{"name":"scope","qualifiedName":"config.Config.scope","href":"model_config/Config/scope.html","type":"property","overriddenDepth":0,"enclosedBy":{"name":"Config","type":"class"}},{"name":"screenSize","qualifiedName":"config.Config.screenSize","href":"model_config/Config/screenSize.html","type":"property","overriddenDepth":0,"enclosedBy":{"name":"Config","type":"class"}},{"name":"toString","qualifiedName":"config.Config.toString","href":"model_config/Config/toString.html","type":"method","overriddenDepth":0,"enclosedBy":{"name":"Config","type":"class"}},{"name":"tokenUrl","qualifiedName":"config.Config.tokenUrl","href":"model_config/Config/tokenUrl.html","type":"property","overriddenDepth":0,"enclosedBy":{"name":"Config","type":"class"}},{"name":"request_code","qualifiedName":"request_code","href":"request_code/request_code-library.html","type":"library","overriddenDepth":0},{"name":"RequestCode","qualifiedName":"request_code.RequestCode","href":"request_code/RequestCode-class.html","type":"class","overriddenDepth":0,"enclosedBy":{"name":"request_code","type":"library"}},{"name":"RequestCode","qualifiedName":"request_code.RequestCode","href":"request_code/RequestCode/RequestCode.html","type":"constructor","overriddenDepth":0,"enclosedBy":{"name":"RequestCode","type":"class"}},{"name":"operator ==","qualifiedName":"request_code.RequestCode.==","href":"request_code/RequestCode/operator_equals.html","type":"method","overriddenDepth":0,"enclosedBy":{"name":"RequestCode","type":"class"}},{"name":"clearCookies","qualifiedName":"request_code.RequestCode.clearCookies","href":"request_code/RequestCode/clearCookies.html","type":"method","overriddenDepth":0,"enclosedBy":{"name":"RequestCode","type":"class"}},{"name":"hashCode","qualifiedName":"request_code.RequestCode.hashCode","href":"request_code/RequestCode/hashCode.html","type":"property","overriddenDepth":0,"enclosedBy":{"name":"RequestCode","type":"class"}},{"name":"noSuchMethod","qualifiedName":"request_code.RequestCode.noSuchMethod","href":"request_code/RequestCode/noSuchMethod.html","type":"method","overriddenDepth":0,"enclosedBy":{"name":"RequestCode","type":"class"}},{"name":"requestCode","qualifiedName":"request_code.RequestCode.requestCode","href":"request_code/RequestCode/requestCode.html","type":"method","overriddenDepth":0,"enclosedBy":{"name":"RequestCode","type":"class"}},{"name":"runtimeType","qualifiedName":"request_code.RequestCode.runtimeType","href":"request_code/RequestCode/runtimeType.html","type":"property","overriddenDepth":0,"enclosedBy":{"name":"RequestCode","type":"class"}},{"name":"toString","qualifiedName":"request_code.RequestCode.toString","href":"request_code/RequestCode/toString.html","type":"method","overriddenDepth":0,"enclosedBy":{"name":"RequestCode","type":"class"}},{"name":"request_token","qualifiedName":"request_token","href":"request_token/request_token-library.html","type":"library","overriddenDepth":0},{"name":"RequestToken","qualifiedName":"request_token.RequestToken","href":"request_token/RequestToken-class.html","type":"class","overriddenDepth":0,"enclosedBy":{"name":"request_token","type":"library"}},{"name":"RequestToken","qualifiedName":"request_token.RequestToken","href":"request_token/RequestToken/RequestToken.html","type":"constructor","overriddenDepth":0,"enclosedBy":{"name":"RequestToken","type":"class"}},{"name":"operator ==","qualifiedName":"request_token.RequestToken.==","href":"request_token/RequestToken/operator_equals.html","type":"method","overriddenDepth":0,"enclosedBy":{"name":"RequestToken","type":"class"}},{"name":"config","qualifiedName":"request_token.RequestToken.config","href":"request_token/RequestToken/config.html","type":"property","overriddenDepth":0,"enclosedBy":{"name":"RequestToken","type":"class"}},{"name":"hashCode","qualifiedName":"request_token.RequestToken.hashCode","href":"request_token/RequestToken/hashCode.html","type":"property","overriddenDepth":0,"enclosedBy":{"name":"RequestToken","type":"class"}},{"name":"noSuchMethod","qualifiedName":"request_token.RequestToken.noSuchMethod","href":"request_token/RequestToken/noSuchMethod.html","type":"method","overriddenDepth":0,"enclosedBy":{"name":"RequestToken","type":"class"}},{"name":"requestRefreshToken","qualifiedName":"request_token.RequestToken.requestRefreshToken","href":"request_token/RequestToken/requestRefreshToken.html","type":"method","overriddenDepth":0,"enclosedBy":{"name":"RequestToken","type":"class"}},{"name":"requestToken","qualifiedName":"request_token.RequestToken.requestToken","href":"request_token/RequestToken/requestToken.html","type":"method","overriddenDepth":0,"enclosedBy":{"name":"RequestToken","type":"class"}},{"name":"runtimeType","qualifiedName":"request_token.RequestToken.runtimeType","href":"request_token/RequestToken/runtimeType.html","type":"property","overriddenDepth":0,"enclosedBy":{"name":"RequestToken","type":"class"}},{"name":"toString","qualifiedName":"request_token.RequestToken.toString","href":"request_token/RequestToken/toString.html","type":"method","overriddenDepth":0,"enclosedBy":{"name":"RequestToken","type":"class"}},{"name":"token","qualifiedName":"token","href":"model_token/model_token-library.html","type":"library","overriddenDepth":0},{"name":"Token","qualifiedName":"token.Token","href":"model_token/Token-class.html","type":"class","overriddenDepth":0,"enclosedBy":{"name":"token","type":"library"}},{"name":"Token","qualifiedName":"token.Token","href":"model_token/Token/Token.html","type":"constructor","overriddenDepth":0,"enclosedBy":{"name":"Token","type":"class"}},{"name":"operator ==","qualifiedName":"token.Token.==","href":"model_token/Token/operator_equals.html","type":"method","overriddenDepth":0,"enclosedBy":{"name":"Token","type":"class"}},{"name":"accessToken","qualifiedName":"token.Token.accessToken","href":"model_token/Token/accessToken.html","type":"property","overriddenDepth":0,"enclosedBy":{"name":"Token","type":"class"}},{"name":"expireOffSet","qualifiedName":"token.Token.expireOffSet","href":"model_token/Token/expireOffSet.html","type":"property","overriddenDepth":0,"enclosedBy":{"name":"Token","type":"class"}},{"name":"expireTimeStamp","qualifiedName":"token.Token.expireTimeStamp","href":"model_token/Token/expireTimeStamp.html","type":"property","overriddenDepth":0,"enclosedBy":{"name":"Token","type":"class"}},{"name":"expiresIn","qualifiedName":"token.Token.expiresIn","href":"model_token/Token/expiresIn.html","type":"property","overriddenDepth":0,"enclosedBy":{"name":"Token","type":"class"}},{"name":"Token.fromJson","qualifiedName":"token.Token.fromJson","href":"model_token/Token/Token.fromJson.html","type":"constructor","overriddenDepth":0,"enclosedBy":{"name":"Token","type":"class"}},{"name":"fromMap","qualifiedName":"token.Token.fromMap","href":"model_token/Token/fromMap.html","type":"method","overriddenDepth":0,"enclosedBy":{"name":"Token","type":"class"}},{"name":"hashCode","qualifiedName":"token.Token.hashCode","href":"model_token/Token/hashCode.html","type":"property","overriddenDepth":0,"enclosedBy":{"name":"Token","type":"class"}},{"name":"isExpired","qualifiedName":"token.Token.isExpired","href":"model_token/Token/isExpired.html","type":"method","overriddenDepth":0,"enclosedBy":{"name":"Token","type":"class"}},{"name":"issueTimeStamp","qualifiedName":"token.Token.issueTimeStamp","href":"model_token/Token/issueTimeStamp.html","type":"property","overriddenDepth":0,"enclosedBy":{"name":"Token","type":"class"}},{"name":"noSuchMethod","qualifiedName":"token.Token.noSuchMethod","href":"model_token/Token/noSuchMethod.html","type":"method","overriddenDepth":0,"enclosedBy":{"name":"Token","type":"class"}},{"name":"refreshToken","qualifiedName":"token.Token.refreshToken","href":"model_token/Token/refreshToken.html","type":"property","overriddenDepth":0,"enclosedBy":{"name":"Token","type":"class"}},{"name":"runtimeType","qualifiedName":"token.Token.runtimeType","href":"model_token/Token/runtimeType.html","type":"property","overriddenDepth":0,"enclosedBy":{"name":"Token","type":"class"}},{"name":"toJsonMap","qualifiedName":"token.Token.toJsonMap","href":"model_token/Token/toJsonMap.html","type":"method","overriddenDepth":0,"enclosedBy":{"name":"Token","type":"class"}},{"name":"toMap","qualifiedName":"token.Token.toMap","href":"model_token/Token/toMap.html","type":"method","overriddenDepth":0,"enclosedBy":{"name":"Token","type":"class"}},{"name":"toString","qualifiedName":"token.Token.toString","href":"model_token/Token/toString.html","type":"method","overriddenDepth":1,"enclosedBy":{"name":"Token","type":"class"}},{"name":"tokenIsValid","qualifiedName":"token.Token.tokenIsValid","href":"model_token/Token/tokenIsValid.html","type":"method","overriddenDepth":0,"enclosedBy":{"name":"Token","type":"class"}},{"name":"tokenType","qualifiedName":"token.Token.tokenType","href":"model_token/Token/tokenType.html","type":"property","overriddenDepth":0,"enclosedBy":{"name":"Token","type":"class"}},{"name":"token_refresh_request","qualifiedName":"token_refresh_request","href":"request_token_refresh_request/request_token_refresh_request-library.html","type":"library","overriddenDepth":0},{"name":"TokenRefreshRequestDetails","qualifiedName":"token_refresh_request.TokenRefreshRequestDetails","href":"request_token_refresh_request/TokenRefreshRequestDetails-class.html","type":"class","overriddenDepth":0,"enclosedBy":{"name":"token_refresh_request","type":"library"}},{"name":"TokenRefreshRequestDetails","qualifiedName":"token_refresh_request.TokenRefreshRequestDetails","href":"request_token_refresh_request/TokenRefreshRequestDetails/TokenRefreshRequestDetails.html","type":"constructor","overriddenDepth":0,"enclosedBy":{"name":"TokenRefreshRequestDetails","type":"class"}},{"name":"operator ==","qualifiedName":"token_refresh_request.TokenRefreshRequestDetails.==","href":"request_token_refresh_request/TokenRefreshRequestDetails/operator_equals.html","type":"method","overriddenDepth":0,"enclosedBy":{"name":"TokenRefreshRequestDetails","type":"class"}},{"name":"hashCode","qualifiedName":"token_refresh_request.TokenRefreshRequestDetails.hashCode","href":"request_token_refresh_request/TokenRefreshRequestDetails/hashCode.html","type":"property","overriddenDepth":0,"enclosedBy":{"name":"TokenRefreshRequestDetails","type":"class"}},{"name":"headers","qualifiedName":"token_refresh_request.TokenRefreshRequestDetails.headers","href":"request_token_refresh_request/TokenRefreshRequestDetails/headers.html","type":"property","overriddenDepth":0,"enclosedBy":{"name":"TokenRefreshRequestDetails","type":"class"}},{"name":"noSuchMethod","qualifiedName":"token_refresh_request.TokenRefreshRequestDetails.noSuchMethod","href":"request_token_refresh_request/TokenRefreshRequestDetails/noSuchMethod.html","type":"method","overriddenDepth":0,"enclosedBy":{"name":"TokenRefreshRequestDetails","type":"class"}},{"name":"params","qualifiedName":"token_refresh_request.TokenRefreshRequestDetails.params","href":"request_token_refresh_request/TokenRefreshRequestDetails/params.html","type":"property","overriddenDepth":0,"enclosedBy":{"name":"TokenRefreshRequestDetails","type":"class"}},{"name":"runtimeType","qualifiedName":"token_refresh_request.TokenRefreshRequestDetails.runtimeType","href":"request_token_refresh_request/TokenRefreshRequestDetails/runtimeType.html","type":"property","overriddenDepth":0,"enclosedBy":{"name":"TokenRefreshRequestDetails","type":"class"}},{"name":"toString","qualifiedName":"token_refresh_request.TokenRefreshRequestDetails.toString","href":"request_token_refresh_request/TokenRefreshRequestDetails/toString.html","type":"method","overriddenDepth":0,"enclosedBy":{"name":"TokenRefreshRequestDetails","type":"class"}},{"name":"url","qualifiedName":"token_refresh_request.TokenRefreshRequestDetails.url","href":"request_token_refresh_request/TokenRefreshRequestDetails/url.html","type":"property","overriddenDepth":0,"enclosedBy":{"name":"TokenRefreshRequestDetails","type":"class"}},{"name":"token_request","qualifiedName":"token_request","href":"request_token_request/request_token_request-library.html","type":"library","overriddenDepth":0},{"name":"TokenRequestDetails","qualifiedName":"token_request.TokenRequestDetails","href":"request_token_request/TokenRequestDetails-class.html","type":"class","overriddenDepth":0,"enclosedBy":{"name":"token_request","type":"library"}},{"name":"TokenRequestDetails","qualifiedName":"token_request.TokenRequestDetails","href":"request_token_request/TokenRequestDetails/TokenRequestDetails.html","type":"constructor","overriddenDepth":0,"enclosedBy":{"name":"TokenRequestDetails","type":"class"}},{"name":"operator ==","qualifiedName":"token_request.TokenRequestDetails.==","href":"request_token_request/TokenRequestDetails/operator_equals.html","type":"method","overriddenDepth":0,"enclosedBy":{"name":"TokenRequestDetails","type":"class"}},{"name":"hashCode","qualifiedName":"token_request.TokenRequestDetails.hashCode","href":"request_token_request/TokenRequestDetails/hashCode.html","type":"property","overriddenDepth":0,"enclosedBy":{"name":"TokenRequestDetails","type":"class"}},{"name":"headers","qualifiedName":"token_request.TokenRequestDetails.headers","href":"request_token_request/TokenRequestDetails/headers.html","type":"property","overriddenDepth":0,"enclosedBy":{"name":"TokenRequestDetails","type":"class"}},{"name":"noSuchMethod","qualifiedName":"token_request.TokenRequestDetails.noSuchMethod","href":"request_token_request/TokenRequestDetails/noSuchMethod.html","type":"method","overriddenDepth":0,"enclosedBy":{"name":"TokenRequestDetails","type":"class"}},{"name":"params","qualifiedName":"token_request.TokenRequestDetails.params","href":"request_token_request/TokenRequestDetails/params.html","type":"property","overriddenDepth":0,"enclosedBy":{"name":"TokenRequestDetails","type":"class"}},{"name":"runtimeType","qualifiedName":"token_request.TokenRequestDetails.runtimeType","href":"request_token_request/TokenRequestDetails/runtimeType.html","type":"property","overriddenDepth":0,"enclosedBy":{"name":"TokenRequestDetails","type":"class"}},{"name":"toString","qualifiedName":"token_request.TokenRequestDetails.toString","href":"request_token_request/TokenRequestDetails/toString.html","type":"method","overriddenDepth":0,"enclosedBy":{"name":"TokenRequestDetails","type":"class"}},{"name":"url","qualifiedName":"token_request.TokenRequestDetails.url","href":"request_token_request/TokenRequestDetails/url.html","type":"property","overriddenDepth":0,"enclosedBy":{"name":"TokenRequestDetails","type":"class"}}]
